,name
0,the
1,and
2,have
3,that
4,for
5,you
6,with
7,say
8,this
9,they
10,but
11,his
12,from
13,not
14,she
15,as
16,what
17,their
18,can
19,who
20,get
21,would
22,her
23,all
24,make
25,about
26,know
27,will
28,one
29,time
30,there
31,year
32,think
33,when
34,which
35,them
36,some
37,people
38,take
39,out
40,into
41,just
42,see
43,him
44,your
45,come
46,could
47,now
48,than
49,like
50,other
51,how
52,then
53,its
54,our
55,two
56,more
57,these
58,want
59,way
60,look
61,first
62,also
63,new
64,because
65,day
66,use
67,man
68,find
69,here
70,thing
71,give
72,many
73,well
74,only
75,those
76,tell
77,very
78,even
79,back
80,any
81,good
82,woman
83,through
84,life
85,child
86,work
87,down
88,may
89,after
90,should
91,call
92,world
93,over
94,school
95,still
96,try
97,last
98,ask
99,need
100,too
101,feel
102,three
103,state
104,never
105,become
106,between
107,high
108,really
109,something
110,most
111,another
112,much
113,family
114,own
115,leave
116,put
117,old
118,while
119,mean
120,keep
121,student
122,why
123,let
124,great
125,same
126,big
127,group
128,begin
129,seem
130,country
131,help
132,talk
133,where
134,turn
135,problem
136,every
137,start
138,hand
139,might
140,American
141,show
142,part
143,against
144,place
145,such
146,again
147,few
148,case
149,week
150,company
151,system
152,each
153,right
154,program
155,hear
156,question
157,during
158,play
159,government
160,run
161,small
162,number
163,off
164,always
165,move
166,night
167,live
168,Mr
169,point
170,believe
171,hold
172,today
173,bring
174,happen
175,next
176,without
177,before
178,large
179,million
180,must
181,home
182,under
183,water
184,room
185,write
186,mother
187,area
188,national
189,money
190,story
191,young
192,fact
193,month
194,different
195,lot
196,study
197,book
198,eye
199,job
200,word
201,though
202,business
203,issue
204,side
205,kind
206,four
207,head
208,far
209,black
210,long
211,both
212,little
213,house
214,yes
215,since
216,provide
217,service
218,around
219,friend
220,important
221,father
222,sit
223,away
224,until
225,power
226,hour
227,game
228,often
229,yet
230,line
231,political
232,end
233,among
234,ever
235,stand
236,bad
237,lose
238,however
239,member
240,pay
241,law
242,meet
243,car
244,city
245,almost
246,include
247,continue
248,set
249,later
250,community
251,name
252,five
253,once
254,white
255,least
256,president
257,learn
258,real
259,change
260,team
261,minute
262,best
263,several
264,idea
265,kid
266,body
267,information
268,nothing
269,ago
270,lead
271,social
272,understand
273,whether
274,watch
275,together
276,follow
277,parent
278,stop
279,face
280,anything
281,create
282,public
283,already
284,speak
285,others
286,read
287,level
288,allow
289,add
290,office
291,spend
292,door
293,health
294,person
295,art
296,sure
297,war
298,history
299,party
300,within
301,grow
302,result
303,open
304,morning
305,walk
306,reason
307,low
308,win
309,research
310,girl
311,guy
312,early
313,food
314,moment
315,himself
316,air
317,teacher
318,force
319,offer
320,enough
321,education
322,across
323,although
324,remember
325,foot
326,second
327,boy
328,maybe
329,toward
330,able
331,age
332,policy
333,everything
334,love
335,process
336,music
337,including
338,consider
339,appear
340,actually
341,buy
342,probably
343,human
344,wait
345,serve
346,market
347,die
348,send
349,expect
350,sense
351,build
352,stay
353,fall
354,oh
355,nation
356,plan
357,cut
358,college
359,interest
360,death
361,course
362,someone
363,experience
364,behind
365,reach
366,local
367,kill
368,six
369,remain
370,effect
371,yeah
372,suggest
373,class
374,control
375,raise
376,care
377,perhaps
378,late
379,hard
380,field
381,else
382,pass
383,former
384,sell
385,major
386,sometimes
387,require
388,along
389,development
390,themselves
391,report
392,role
393,better
394,economic
395,effort
396,decide
397,rate
398,strong
399,possible
400,heart
401,drug
402,leader
403,light
404,voice
405,wife
406,whole
407,police
408,mind
409,finally
410,pull
411,return
412,free
413,military
414,price
415,less
416,according
417,decision
418,explain
419,son
420,hope
421,develop
422,view
423,relationship
424,carry
425,town
426,road
427,drive
428,arm
429,TRUE
430,federal
431,break
432,difference
433,thank
434,receive
435,value
436,international
437,building
438,action
439,full
440,model
441,join
442,season
443,society
444,tax
445,director
446,position
447,player
448,agree
449,especially
450,record
451,pick
452,wear
453,paper
454,special
455,space
456,ground
457,form
458,support
459,event
460,official
461,whose
462,matter
463,everyone
464,center
465,couple
466,site
467,project
468,hit
469,base
470,activity
471,star
472,table
473,court
474,produce
475,eat
476,teach
477,oil
478,half
479,situation
480,easy
481,cost
482,industry
483,figure
484,street
485,image
486,itself
487,phone
488,either
489,data
490,cover
491,quite
492,picture
493,clear
494,practice
495,piece
496,land
497,recent
498,describe
499,product
500,doctor
501,wall
502,patient
503,worker
504,news
505,test
506,movie
507,certain
508,north
509,personal
510,simply
511,third
512,technology
513,catch
514,step
515,baby
516,computer
517,type
518,attention
519,draw
520,film
521,Republican
522,tree
523,source
524,red
525,nearly
526,organization
527,choose
528,cause
529,hair
530,century
531,evidence
532,window
533,difficult
534,listen
535,soon
536,culture
537,billion
538,chance
539,brother
540,energy
541,period
542,summer
543,realize
544,hundred
545,available
546,plant
547,likely
548,opportunity
549,term
550,short
551,letter
552,condition
553,choice
554,single
555,rule
556,daughter
557,administration
558,south
559,husband
560,Congress
561,floor
562,campaign
563,material
564,population
565,economy
566,medical
567,hospital
568,church
569,close
570,thousand
571,risk
572,current
573,fire
574,future
575,wrong
576,involve
577,defense
578,anyone
579,increase
580,security
581,bank
582,myself
583,certainly
584,west
585,sport
586,board
587,seek
588,per
589,subject
590,officer
591,private
592,rest
593,behavior
594,deal
595,performance
596,fight
597,throw
598,top
599,quickly
600,past
601,goal
602,bed
603,order
604,author
605,fill
606,represent
607,focus
608,foreign
609,drop
610,blood
611,upon
612,agency
613,push
614,nature
615,color
616,recently
617,store
618,reduce
619,sound
620,note
621,fine
622,near
623,movement
624,page
625,enter
626,share
627,common
628,poor
629,natural
630,race
631,concern
632,series
633,significant
634,similar
635,hot
636,language
637,usually
638,response
639,dead
640,rise
641,animal
642,factor
643,decade
644,article
645,shoot
646,east
647,save
648,seven
649,artist
650,scene
651,stock
652,career
653,despite
654,central
655,eight
656,thus
657,treatment
658,beyond
659,happy
660,exactly
661,protect
662,approach
663,lie
664,size
665,dog
666,fund
667,serious
668,occur
669,media
670,ready
671,sign
672,thought
673,list
674,individual
675,simple
676,quality
677,pressure
678,accept
679,answer
680,resource
681,identify
682,left
683,meeting
684,determine
685,prepare
686,disease
687,whatever
688,success
689,argue
690,cup
691,particularly
692,amount
693,ability
694,staff
695,recognize
696,indicate
697,character
698,growth
699,loss
700,degree
701,wonder
702,attack
703,herself
704,region
705,television
706,box
707,TV
708,training
709,pretty
710,trade
711,election
712,everybody
713,physical
714,lay
715,general
716,feeling
717,standard
718,bill
719,message
720,fail
721,outside
722,arrive
723,analysis
724,benefit
725,sex
726,forward
727,lawyer
728,present
729,section
730,environmental
731,glass
732,skill
733,sister
734,PM
735,professor
736,operation
737,financial
738,crime
739,stage
740,ok
741,compare
742,authority
743,miss
744,design
745,sort
746,act
747,ten
748,knowledge
749,gun
750,station
751,blue
752,strategy
753,clearly
754,discuss
755,indeed
756,truth
757,song
758,example
759,democratic
760,check
761,environment
762,leg
763,dark
764,various
765,rather
766,laugh
767,guess
768,executive
769,prove
770,hang
771,entire
772,rock
773,forget
774,claim
775,remove
776,manager
777,enjoy
778,network
779,legal
780,religious
781,cold
782,final
783,main
784,science
785,green
786,memory
787,card
788,above
789,seat
790,cell
791,establish
792,nice
793,trial
794,expert
795,spring
796,firm
797,Democrat
798,radio
799,visit
800,management
801,avoid
802,imagine
803,tonight
804,huge
805,ball
806,finish
807,yourself
808,theory
809,impact
810,respond
811,statement
812,maintain
813,charge
814,popular
815,traditional
816,onto
817,reveal
818,direction
819,weapon
820,employee
821,cultural
822,contain
823,peace
824,pain
825,apply
826,measure
827,wide
828,shake
829,fly
830,interview
831,manage
832,chair
833,fish
834,particular
835,camera
836,structure
837,politics
838,perform
839,bit
840,weight
841,suddenly
842,discover
843,candidate
844,production
845,treat
846,trip
847,evening
848,affect
849,inside
850,conference
851,unit
852,style
853,adult
854,worry
855,range
856,mention
857,deep
858,edge
859,specific
860,writer
861,trouble
862,necessary
863,throughout
864,challenge
865,fear
866,shoulder
867,institution
868,middle
869,sea
870,dream
871,bar
872,beautiful
873,property
874,instead
875,improve
876,stuff
877,detail
878,method
879,somebody
880,magazine
881,hotel
882,soldier
883,reflect
884,heavy
885,sexual
886,bag
887,heat
888,marriage
889,tough
890,sing
891,surface
892,purpose
893,exist
894,pattern
895,whom
896,skin
897,agent
898,owner
899,machine
900,gas
901,ahead
902,generation
903,commercial
904,address
905,cancer
906,item
907,reality
908,coach
909,Mrs
910,yard
911,beat
912,violence
913,total
914,tend
915,investment
916,discussion
917,finger
918,garden
919,notice
920,collection
921,modern
922,task
923,partner
924,positive
925,civil
926,kitchen
927,consumer
928,shot
929,budget
930,wish
931,painting
932,scientist
933,safe
934,agreement
935,capital
936,mouth
937,nor
938,victim
939,newspaper
940,threat
941,responsibility
942,smile
943,attorney
944,score
945,account
946,interesting
947,audience
948,rich
949,dinner
950,vote
951,western
952,relate
953,travel
954,debate
955,prevent
956,citizen
957,majority
958,none
959,front
960,born
961,admit
962,senior
963,assume
964,wind
965,key
966,professional
967,mission
968,fast
969,alone
970,customer
971,suffer
972,speech
973,successful
974,option
975,participant
976,southern
977,fresh
978,eventually
979,forest
980,video
981,global
982,Senate
983,reform
984,access
985,restaurant
986,judge
987,publish
988,relation
989,release
990,bird
991,opinion
992,credit
993,critical
994,corner
995,concerned
996,recall
997,version
998,stare
999,safety
1000,effective
1001,neighborhood
1002,original
1003,troop
1004,income
1005,directly
1006,hurt
1007,species
1008,immediately
1009,track
1010,basic
1011,strike
1012,sky
1013,freedom
1014,absolutely
1015,plane
1016,nobody
1017,achieve
1018,object
1019,attitude
1020,labor
1021,refer
1022,concept
1023,client
1024,powerful
1025,perfect
1026,nine
1027,therefore
1028,conduct
1029,announce
1030,conversation
1031,examine
1032,touch
1033,please
1034,attend
1035,completely
1036,variety
1037,sleep
1038,involved
1039,investigation
1040,nuclear
1041,researcher
1042,press
1043,conflict
1044,spirit
1045,replace
1046,British
1047,encourage
1048,argument
1049,camp
1050,brain
1051,feature
1052,afternoon
1053,AM
1054,weekend
1055,dozen
1056,possibility
1057,insurance
1058,department
1059,battle
1060,beginning
1061,date
1062,generally
1063,African
1064,sorry
1065,crisis
1066,complete
1067,fan
1068,stick
1069,define
1070,easily
1071,hole
1072,element
1073,vision
1074,status
1075,normal
1076,Chinese
1077,ship
1078,solution
1079,stone
1080,slowly
1081,scale
1082,university
1083,introduce
1084,driver
1085,attempt
1086,park
1087,spot
1088,lack
1089,ice
1090,boat
1091,drink
1092,sun
1093,distance
1094,wood
1095,handle
1096,truck
1097,mountain
1098,survey
1099,supposed
1100,tradition
1101,winter
1102,village
1103,Soviet
1104,refuse
1105,sales
1106,roll
1107,communication
1108,screen
1109,gain
1110,resident
1111,hide
1112,gold
1113,club
1114,farm
1115,potential
1116,European
1117,presence
1118,independent
1119,district
1120,shape
1121,reader
1122,Ms
1123,contract
1124,crowd
1125,Christian
1126,express
1127,apartment
1128,willing
1129,strength
1130,previous
1131,band
1132,obviously
1133,horse
1134,interested
1135,target
1136,prison
1137,ride
1138,guard
1139,terms
1140,demand
1141,reporter
1142,deliver
1143,text
1144,tool
1145,wild
1146,vehicle
1147,observe
1148,flight
1149,facility
1150,understanding
1151,average
1152,emerge
1153,advantage
1154,quick
1155,leadership
1156,earn
1157,pound
1158,basis
1159,bright
1160,operate
1161,guest
1162,sample
1163,contribute
1164,tiny
1165,block
1166,protection
1167,settle
1168,feed
1169,collect
1170,additional
1171,highly
1172,identity
1173,title
1174,mostly
1175,lesson
1176,faith
1177,river
1178,promote
1179,living
1180,count
1181,unless
1182,marry
1183,tomorrow
1184,technique
1185,path
1186,ear
1187,shop
1188,folk
1189,principle
1190,survive
1191,lift
1192,border
1193,competition
1194,jump
1195,gather
1196,limit
1197,fit
1198,cry
1199,equipment
1200,worth
1201,associate
1202,critic
1203,warm
1204,aspect
1205,insist
1206,failure
1207,annual
1208,French
1209,Christmas
1210,comment
1211,responsible
1212,affair
1213,procedure
1214,regular
1215,spread
1216,chairman
1217,baseball
1218,soft
1219,ignore
1220,egg
1221,belief
1222,demonstrate
1223,anybody
1224,murder
1225,gift
1226,religion
1227,review
1228,editor
1229,engage
1230,coffee
1231,document
1232,speed
1233,cross
1234,influence
1235,anyway
1236,threaten
1237,commit
1238,female
1239,youth
1240,wave
1241,afraid
1242,quarter
1243,background
1244,native
1245,broad
1246,wonderful
1247,deny
1248,apparently
1249,slightly
1250,reaction
1251,twice
1252,suit
1253,perspective
1254,growing
1255,blow
1256,construction
1257,intelligence
1258,destroy
1259,cook
1260,connection
1261,burn
1262,shoe
1263,grade
1264,context
1265,committee
1266,hey
1267,mistake
1268,location
1269,clothes
1270,Indian
1271,quiet
1272,dress
1273,promise
1274,aware
1275,neighbor
1276,function
1277,bone
1278,active
1279,extend
1280,chief
1281,combine
1282,wine
1283,below
1284,cool
1285,voter
1286,learning
1287,bus
1288,hell
1289,dangerous
1290,remind
1291,moral
1292,United
1293,category
1294,relatively
1295,victory
1296,academic
1297,Internet
1298,healthy
1299,negative
1300,following
1301,historical
1302,medicine
1303,tour
1304,depend
1305,photo
1306,finding
1307,grab
1308,direct
1309,classroom
1310,contact
1311,justice
1312,participate
1313,daily
1314,fair
1315,pair
1316,famous
1317,exercise
1318,knee
1319,flower
1320,tape
1321,hire
1322,familiar
1323,appropriate
1324,supply
1325,fully
1326,actor
1327,birth
1328,search
1329,tie
1330,democracy
1331,eastern
1332,primary
1333,yesterday
1334,circle
1335,device
1336,progress
1337,bottom
1338,island
1339,exchange
1340,clean
1341,studio
1342,train
1343,lady
1344,colleague
1345,application
1346,neck
1347,lean
1348,damage
1349,plastic
1350,tall
1351,plate
1352,hate
1353,otherwise
1354,writing
1355,male
1356,alive
1357,expression
1358,football
1359,intend
1360,chicken
1361,army
1362,abuse
1363,theater
1364,shut
1365,map
1366,extra
1367,session
1368,danger
1369,welcome
1370,domestic
1371,lots
1372,literature
1373,rain
1374,desire
1375,assessment
1376,injury
1377,respect
1378,northern
1379,nod
1380,paint
1381,fuel
1382,leaf
1383,dry
1384,Russian
1385,instruction
1386,pool
1387,climb
1388,sweet
1389,engine
1390,fourth
1391,salt
1392,expand
1393,importance
1394,metal
1395,fat
1396,ticket
1397,software
1398,disappear
1399,corporate
1400,strange
1401,lip
1402,reading
1403,urban
1404,mental
1405,increasingly
1406,lunch
1407,educational
1408,somewhere
1409,farmer
1410,sugar
1411,planet
1412,favorite
1413,explore
1414,obtain
1415,enemy
1416,greatest
1417,complex
1418,surround
1419,athlete
1420,invite
1421,repeat
1422,carefully
1423,soul
1424,scientific
1425,impossible
1426,panel
1427,meaning
1428,mom
1429,married
1430,instrument
1431,predict
1432,weather
1433,presidential
1434,emotional
1435,commitment
1436,Supreme
1437,bear
1438,pocket
1439,thin
1440,temperature
1441,surprise
1442,poll
1443,proposal
1444,consequence
1445,breath
1446,sight
1447,balance
1448,adopt
1449,minority
1450,straight
1451,connect
1452,works
1453,teaching
1454,belong
1455,aid
1456,advice
1457,okay
1458,photograph
1459,empty
1460,regional
1461,trail
1462,novel
1463,code
1464,somehow
1465,organize
1466,jury
1467,breast
1468,Iraqi
1469,acknowledge
1470,theme
1471,storm
1472,union
1473,desk
1474,thanks
1475,fruit
1476,expensive
1477,yellow
1478,conclusion
1479,prime
1480,shadow
1481,struggle
1482,conclude
1483,analyst
1484,dance
1485,regulation
1486,being
1487,ring
1488,largely
1489,shift
1490,revenue
1491,mark
1492,locate
1493,county
1494,appearance
1495,package
1496,difficulty
1497,bridge
1498,recommend
1499,obvious
1500,basically
1501,e-mail
1502,generate
1503,anymore
1504,propose
1505,thinking
1506,possibly
1507,trend
1508,visitor
1509,loan
1510,currently
1511,comfortable
1512,investor
1513,profit
1514,angry
1515,crew
1516,accident
1517,meal
1518,hearing
1519,traffic
1520,muscle
1521,notion
1522,capture
1523,prefer
1524,truly
1525,earth
1526,Japanese
1527,chest
1528,thick
1529,cash
1530,museum
1531,beauty
1532,emergency
1533,unique
1534,internal
1535,ethnic
1536,link
1537,stress
1538,content
1539,select
1540,root
1541,nose
1542,declare
1543,appreciate
1544,actual
1545,bottle
1546,hardly
1547,setting
1548,launch
1549,file
1550,sick
1551,outcome
1552,ad
1553,defend
1554,duty
1555,sheet
1556,ought
1557,ensure
1558,Catholic
1559,extremely
1560,extent
1561,component
1562,mix
1563,long-term
1564,slow
1565,contrast
1566,zone
1567,wake
1568,airport
1569,brown
1570,shirt
1571,pilot
1572,warn
1573,ultimately
1574,cat
1575,contribution
1576,capacity
1577,ourselves
1578,estate
1579,guide
1580,circumstance
1581,snow
1582,English
1583,politician
1584,steal
1585,pursue
1586,slip
1587,percentage
1588,meat
1589,funny
1590,neither
1591,soil
1592,surgery
1593,correct
1594,Jewish
1595,blame
1596,estimate
1597,due
1598,basketball
1599,golf
1600,investigate
1601,crazy
1602,significantly
1603,chain
1604,branch
1605,combination
1606,frequently
1607,governor
1608,relief
1609,user
1610,dad
1611,kick
1612,manner
1613,ancient
1614,silence
1615,rating
1616,golden
1617,motion
1618,German
1619,gender
1620,solve
1621,fee
1622,landscape
1623,used
1624,bowl
1625,equal
1626,forth
1627,frame
1628,typical
1629,except
1630,conservative
1631,eliminate
1632,host
1633,hall
1634,trust
1635,ocean
1636,row
1637,producer
1638,afford
1639,meanwhile
1640,regime
1641,division
1642,confirm
1643,fix
1644,appeal
1645,mirror
1646,tooth
1647,smart
1648,length
1649,entirely
1650,rely
1651,topic
1652,complain
1653,variable
1654,telephone
1655,perception
1656,attract
1657,confidence
1658,bedroom
1659,secret
1660,debt
1661,rare
1662,tank
1663,nurse
1664,coverage
1665,opposition
1666,aside
1667,anywhere
1668,bond
1669,pleasure
1670,master
1671,era
1672,requirement
1673,fun
1674,expectation
1675,wing
1676,separate
1677,somewhat
1678,pour
1679,stir
1680,judgment
1681,beer
1682,reference
1683,tear
1684,doubt
1685,grant
1686,seriously
1687,minister
1688,totally
1689,hero
1690,industrial
1691,cloud
1692,stretch
1693,winner
1694,volume
1695,seed
1696,surprised
1697,fashion
1698,pepper
1699,busy
1700,intervention
1701,copy
1702,tip
1703,cheap
1704,aim
1705,cite
1706,welfare
1707,vegetable
1708,gray
1709,dish
1710,beach
1711,improvement
1712,everywhere
1713,opening
1714,overall
1715,divide
1716,initial
1717,terrible
1718,oppose
1719,contemporary
1720,route
1721,multiple
1722,essential
1723,league
1724,criminal
1725,careful
1726,core
1727,upper
1728,rush
1729,necessarily
1730,specifically
1731,tired
1732,employ
1733,holiday
1734,vast
1735,resolution
1736,household
1737,fewer
1738,abortion
1739,apart
1740,witness
1741,match
1742,barely
1743,sector
1744,representative
1745,beneath
1746,beside
1747,incident
1748,limited
1749,proud
1750,flow
1751,faculty
1752,increased
1753,waste
1754,merely
1755,mass
1756,emphasize
1757,experiment
1758,definitely
1759,bomb
1760,enormous
1761,tone
1762,liberal
1763,massive
1764,engineer
1765,wheel
1766,decline
1767,invest
1768,cable
1769,towards
1770,expose
1771,rural
1772,AIDS
1773,Jew
1774,narrow
1775,cream
1776,secretary
1777,gate
1778,solid
1779,hill
1780,typically
1781,noise
1782,grass
1783,unfortunately
1784,hat
1785,legislation
1786,succeed
1787,celebrate
1788,achievement
1789,fishing
1790,accuse
1791,useful
1792,reject
1793,talent
1794,taste
1795,characteristic
1796,milk
1797,escape
1798,cast
1799,sentence
1800,unusual
1801,closely
1802,convince
1803,height
1804,physician
1805,assess
1806,plenty
1807,virtually
1808,addition
1809,sharp
1810,creative
1811,lower
1812,approve
1813,explanation
1814,gay
1815,campus
1816,proper
1817,guilty
1818,acquire
1819,compete
1820,technical
1821,plus
1822,immigrant
1823,weak
1824,illegal
1825,hi
1826,alternative
1827,interaction
1828,column
1829,personality
1830,signal
1831,curriculum
1832,honor
1833,passenger
1834,assistance
1835,forever
1836,regard
1837,Israeli
1838,association
1839,twenty
1840,knock
1841,wrap
1842,lab
1843,display
1844,criticism
1845,asset
1846,depression
1847,spiritual
1848,musical
1849,journalist
1850,prayer
1851,suspect
1852,scholar
1853,warning
1854,climate
1855,cheese
1856,observation
1857,childhood
1858,payment
1859,sir
1860,permit
1861,cigarette
1862,definition
1863,priority
1864,bread
1865,creation
1866,graduate
1867,request
1868,emotion
1869,scream
1870,dramatic
1871,universe
1872,gap
1873,excellent
1874,deeply
1875,prosecutor
1876,lucky
1877,drag
1878,airline
1879,library
1880,agenda
1881,recover
1882,factory
1883,selection
1884,primarily
1885,roof
1886,unable
1887,expense
1888,initiative
1889,diet
1890,arrest
1891,funding
1892,therapy
1893,wash
1894,schedule
1895,sad
1896,brief
1897,housing
1898,post
1899,purchase
1900,existing
1901,steel
1902,regarding
1903,shout
1904,remaining
1905,visual
1906,fairly
1907,chip
1908,violent
1909,silent
1910,suppose
1911,self
1912,bike
1913,tea
1914,perceive
1915,comparison
1916,settlement
1917,layer
1918,planning
1919,description
1920,slide
1921,widely
1922,wedding
1923,inform
1924,portion
1925,territory
1926,immediate
1927,opponent
1928,abandon
1929,lake
1930,transform
1931,tension
1932,leading
1933,bother
1934,consist
1935,alcohol
1936,enable
1937,bend
1938,saving
1939,desert
1940,shall
1941,error
1942,cop
1943,Arab
1944,double
1945,sand
1946,Spanish
1947,print
1948,preserve
1949,passage
1950,formal
1951,transition
1952,existence
1953,album
1954,participation
1955,arrange
1956,atmosphere
1957,joint
1958,reply
1959,cycle
1960,opposite
1961,lock
1962,deserve
1963,consistent
1964,resistance
1965,discovery
1966,exposure
1967,pose
1968,stream
1969,sale
1970,pot
1971,grand
1972,mine
1973,hello
1974,coalition
1975,tale
1976,knife
1977,resolve
1978,racial
1979,phase
1980,joke
1981,coat
1982,Mexican
1983,symptom
1984,manufacturer
1985,philosophy
1986,potato
1987,foundation
1988,quote
1989,online
1990,negotiation
1991,urge
1992,occasion
1993,dust
1994,breathe
1995,elect
1996,investigator
1997,jacket
1998,glad
1999,ordinary
2000,reduction
2001,rarely
2002,pack
2003,suicide
2004,numerous
2005,substance
2006,discipline
2007,elsewhere
2008,iron
2009,practical
2010,moreover
2011,passion
2012,volunteer
2013,implement
2014,essentially
2015,gene
2016,enforcement
2017,vs
2018,sauce
2019,independence
2020,marketing
2021,priest
2022,amazing
2023,intense
2024,advance
2025,employer
2026,shock
2027,inspire
2028,adjust
2029,retire
2030,visible
2031,kiss
2032,illness
2033,cap
2034,habit
2035,competitive
2036,juice
2037,congressional
2038,involvement
2039,dominate
2040,previously
2041,whenever
2042,transfer
2043,analyze
2044,attach
2045,disaster
2046,parking
2047,prospect
2048,boss
2049,complaint
2050,championship
2051,fundamental
2052,severe
2053,enhance
2054,mystery
2055,impose
2056,poverty
2057,entry
2058,spending
2059,king
2060,evaluate
2061,symbol
2062,maker
2063,mood
2064,accomplish
2065,emphasis
2066,illustrate
2067,boot
2068,monitor
2069,Asian
2070,entertainment
2071,bean
2072,evaluation
2073,creature
2074,commander
2075,digital
2076,arrangement
2077,concentrate
2078,usual
2079,anger
2080,psychological
2081,heavily
2082,peak
2083,approximately
2084,increasing
2085,disorder
2086,missile
2087,equally
2088,vary
2089,wire
2090,round
2091,distribution
2092,transportation
2093,holy
2094,twin
2095,command
2096,commission
2097,interpretation
2098,breakfast
2099,strongly
2100,engineering
2101,luck
2102,so-called
2103,constant
2104,clinic
2105,veteran
2106,smell
2107,tablespoon
2108,capable
2109,nervous
2110,tourist
2111,toss
2112,crucial
2113,bury
2114,pray
2115,tomato
2116,exception
2117,butter
2118,deficit
2119,bathroom
2120,objective
2121,electronic
2122,ally
2123,journey
2124,reputation
2125,mixture
2126,surely
2127,tower
2128,smoke
2129,confront
2130,pure
2131,glance
2132,dimension
2133,toy
2134,prisoner
2135,fellow
2136,smooth
2137,nearby
2138,peer
2139,designer
2140,personnel
2141,educator
2142,relative
2143,immigration
2144,belt
2145,teaspoon
2146,birthday
2147,implication
2148,perfectly
2149,coast
2150,supporter
2151,accompany
2152,silver
2153,teenager
2154,recognition
2155,retirement
2156,flag
2157,recovery
2158,whisper
2159,gentleman
2160,corn
2161,moon
2162,inner
2163,junior
2164,throat
2165,salary
2166,swing
2167,observer
2168,publication
2169,crop
2170,dig
2171,permanent
2172,phenomenon
2173,anxiety
2174,unlike
2175,wet
2176,literally
2177,resist
2178,convention
2179,embrace
2180,assist
2181,exhibition
2182,construct
2183,viewer
2184,pan
2185,consultant
2186,administrator
2187,occasionally
2188,mayor
2189,consideration
2190,CEO
2191,secure
2192,pink
2193,buck
2194,historic
2195,poem
2196,grandmother
2197,bind
2198,fifth
2199,constantly
2200,enterprise
2201,favor
2202,testing
2203,stomach
2204,apparent
2205,weigh
2206,install
2207,sensitive
2208,suggestion
2209,mail
2210,recipe
2211,reasonable
2212,preparation
2213,wooden
2214,elementary
2215,concert
2216,aggressive
2217,FALSE
2218,intention
2219,channel
2220,extreme
2221,tube
2222,drawing
2223,protein
2224,quit
2225,absence
2226,Latin
2227,rapidly
2228,jail
2229,diversity
2230,honest
2231,Palestinian
2232,pace
2233,employment
2234,speaker
2235,impression
2236,essay
2237,respondent
2238,giant
2239,cake
2240,historian
2241,negotiate
2242,restore
2243,substantial
2244,pop
2245,specialist
2246,origin
2247,approval
2248,quietly
2249,advise
2250,conventional
2251,depth
2252,wealth
2253,disability
2254,shell
2255,criticize
2256,effectively
2257,biological
2258,onion
2259,deputy
2260,flat
2261,brand
2262,assure
2263,mad
2264,award
2265,criteria
2266,dealer
2267,via
2268,utility
2269,precisely
2270,arise
2271,armed
2272,nevertheless
2273,highway
2274,clinical
2275,routine
2276,wage
2277,normally
2278,phrase
2279,ingredient
2280,stake
2281,Muslim
2282,fiber
2283,activist
2284,Islamic
2285,snap
2286,terrorism
2287,refugee
2288,incorporate
2289,hip
2290,ultimate
2291,switch
2292,corporation
2293,valuable
2294,assumption
2295,gear
2296,barrier
2297,minor
2298,provision
2299,killer
2300,assign
2301,gang
2302,developing
2303,classic
2304,chemical
2305,label
2306,teen
2307,index
2308,vacation
2309,advocate
2310,draft
2311,extraordinary
2312,heaven
2313,rough
2314,yell
2315,pregnant
2316,distant
2317,drama
2318,satellite
2319,personally
2320,clock
2321,chocolate
2322,Italian
2323,Canadian
2324,ceiling
2325,sweep
2326,advertising
2327,universal
2328,spin
2329,button
2330,bell
2331,rank
2332,darkness
2333,clothing
2334,super
2335,yield
2336,fence
2337,portrait
2338,survival
2339,roughly
2340,lawsuit
2341,testimony
2342,bunch
2343,found
2344,burden
2345,react
2346,chamber
2347,furniture
2348,cooperation
2349,string
2350,ceremony
2351,communicate
2352,cheek
2353,lost
2354,profile
2355,mechanism
2356,disagree
2357,penalty
2358,ie
2359,resort
2360,destruction
2361,unlikely
2362,tissue
2363,constitutional
2364,pant
2365,stranger
2366,infection
2367,cabinet
2368,broken
2369,apple
2370,electric
2371,proceed
2372,bet
2373,literary
2374,virus
2375,stupid
2376,dispute
2377,fortune
2378,strategic
2379,assistant
2380,overcome
2381,remarkable
2382,occupy
2383,statistics
2384,shopping
2385,cousin
2386,encounter
2387,wipe
2388,initially
2389,blind
2390,port
2391,electricity
2392,genetic
2393,adviser
2394,spokesman
2395,retain
2396,latter
2397,incentive
2398,slave
2399,translate
2400,accurate
2401,whereas
2402,terror
2403,expansion
2404,elite
2405,Olympic
2406,dirt
2407,odd
2408,rice
2409,bullet
2410,tight
2411,Bible
2412,chart
2413,solar
2414,square
2415,concentration
2416,complicated
2417,gently
2418,champion
2419,scenario
2420,telescope
2421,reflection
2422,revolution
2423,strip
2424,interpret
2425,friendly
2426,tournament
2427,fiction
2428,detect
2429,tremendous
2430,lifetime
2431,recommendation
2432,senator
2433,hunting
2434,salad
2435,guarantee
2436,innocent
2437,boundary
2438,pause
2439,remote
2440,satisfaction
2441,journal
2442,bench
2443,lover
2444,raw
2445,awareness
2446,surprising
2447,withdraw
2448,deck
2449,similarly
2450,newly
2451,pole
2452,testify
2453,mode
2454,dialogue
2455,imply
2456,naturally
2457,mutual
2458,founder
2459,advanced
2460,pride
2461,dismiss
2462,aircraft
2463,delivery
2464,mainly
2465,bake
2466,freeze
2467,platform
2468,finance
2469,sink
2470,attractive
2471,diverse
2472,relevant
2473,ideal
2474,joy
2475,regularly
2476,working
2477,singer
2478,evolve
2479,shooting
2480,partly
2481,unknown
2482,offense
2483,counter
2484,DNA
2485,potentially
2486,thirty
2487,justify
2488,protest
2489,crash
2490,craft
2491,treaty
2492,terrorist
2493,insight
2494,possess
2495,politically
2496,tap
2497,extensive
2498,episode
2499,swim
2500,tire
2501,fault
2502,loose
2503,shortly
2504,originally
2505,considerable
2506,prior
2507,intellectual
2508,assault
2509,relax
2510,stair
2511,adventure
2512,external
2513,proof
2514,confident
2515,headquarters
2516,sudden
2517,dirty
2518,violation
2519,tongue
2520,license
2521,shelter
2522,rub
2523,controversy
2524,entrance
2525,properly
2526,fade
2527,defensive
2528,tragedy
2529,net
2530,characterize
2531,funeral
2532,profession
2533,alter
2534,constitute
2535,establishment
2536,squeeze
2537,imagination
2538,mask
2539,convert
2540,comprehensive
2541,prominent
2542,presentation
2543,regardless
2544,load
2545,stable
2546,introduction
2547,pretend
2548,elderly
2549,representation
2550,deer
2551,split
2552,violate
2553,partnership
2554,pollution
2555,emission
2556,steady
2557,vital
2558,fate
2559,earnings
2560,oven
2561,distinction
2562,segment
2563,nowhere
2564,poet
2565,mere
2566,exciting
2567,variation
2568,comfort
2569,radical
2570,adapt
2571,Irish
2572,honey
2573,correspondent
2574,pale
2575,musician
2576,significance
2577,vessel
2578,storage
2579,flee
2580,mm-hmm
2581,leather
2582,distribute
2583,evolution
2584,ill
2585,tribe
2586,shelf
2587,grandfather
2588,lawn
2589,buyer
2590,dining
2591,wisdom
2592,council
2593,vulnerable
2594,instance
2595,garlic
2596,capability
2597,poetry
2598,celebrity
2599,gradually
2600,stability
2601,fantasy
2602,scared
2603,plot
2604,framework
2605,gesture
2606,depending
2607,ongoing
2608,psychology
2609,counselor
2610,chapter
2611,divorce
2612,owe
2613,pipe
2614,athletic
2615,slight
2616,math
2617,shade
2618,tail
2619,sustain
2620,mount
2621,obligation
2622,angle
2623,palm
2624,differ
2625,custom
2626,economist
2627,fifteen
2628,soup
2629,celebration
2630,efficient
2631,composition
2632,satisfy
2633,pile
2634,briefly
2635,carbon
2636,closer
2637,consume
2638,scheme
2639,crack
2640,frequency
2641,tobacco
2642,survivor
2643,besides
2644,psychologist
2645,wealthy
2646,galaxy
2647,given
2648,ski
2649,limitation
2650,trace
2651,appointment
2652,preference
2653,meter
2654,explosion
2655,publicly
2656,incredible
2657,fighter
2658,rapid
2659,admission
2660,hunter
2661,educate
2662,painful
2663,friendship
2664,aide
2665,infant
2666,calculate
2667,fifty
2668,rid
2669,porch
2670,tendency
2671,uniform
2672,formation
2673,scholarship
2674,reservation
2675,efficiency
2676,qualify
2677,mall
2678,derive
2679,scandal
2680,PC
2681,helpful
2682,impress
2683,heel
2684,resemble
2685,privacy
2686,fabric
2687,contest
2688,proportion
2689,guideline
2690,rifle
2691,maintenance
2692,conviction
2693,trick
2694,organic
2695,tent
2696,examination
2697,publisher
2698,strengthen
2699,proposed
2700,myth
2701,sophisticated
2702,cow
2703,etc
2704,standing
2705,asleep
2706,tennis
2707,nerve
2708,barrel
2709,bombing
2710,membership
2711,ratio
2712,menu
2713,controversial
2714,desperate
2715,lifestyle
2716,humor
2717,loud
2718,glove
2719,sufficient
2720,narrative
2721,photographer
2722,helicopter
2723,modest
2724,provider
2725,delay
2726,agricultural
2727,explode
2728,stroke
2729,scope
2730,punishment
2731,handful
2732,badly
2733,horizon
2734,curious
2735,downtown
2736,girlfriend
2737,prompt
2738,cholesterol
2739,absorb
2740,adjustment
2741,taxpayer
2742,eager
2743,principal
2744,detailed
2745,motivation
2746,assignment
2747,restriction
2748,laboratory
2749,workshop
2750,differently
2751,auto
2752,romantic
2753,cotton
2754,motor
2755,sue
2756,flavor
2757,overlook
2758,float
2759,undergo
2760,sequence
2761,demonstration
2762,jet
2763,orange
2764,consumption
2765,assert
2766,blade
2767,temporary
2768,medication
2769,cabin
2770,bite
2771,edition
2772,valley
2773,yours
2774,pitch
2775,pine
2776,brilliant
2777,versus
2778,manufacturing
2779,absolute
2780,chef
2781,discrimination
2782,offensive
2783,boom
2784,register
2785,appoint
2786,heritage
2787,God
2788,dominant
2789,successfully
2790,shit
2791,lemon
2792,hungry
2793,wander
2794,submit
2795,economics
2796,naked
2797,anticipate
2798,nut
2799,legacy
2800,extension
2801,shrug
2802,battery
2803,arrival
2804,legitimate
2805,orientation
2806,inflation
2807,cope
2808,flame
2809,cluster
2810,wound
2811,dependent
2812,shower
2813,institutional
2814,depict
2815,operating
2816,flesh
2817,garage
2818,operator
2819,instructor
2820,collapse
2821,borrow
2822,furthermore
2823,comedy
2824,mortgage
2825,sanction
2826,civilian
2827,twelve
2828,weekly
2829,habitat
2830,grain
2831,brush
2832,consciousness
2833,devote
2834,measurement
2835,province
2836,ease
2837,seize
2838,ethics
2839,nomination
2840,permission
2841,wise
2842,actress
2843,summit
2844,acid
2845,odds
2846,gifted
2847,frustration
2848,medium
2849,physically
2850,distinguish
2851,shore
2852,repeatedly
2853,lung
2854,running
2855,distinct
2856,artistic
2857,discourse
2858,basket
2859,ah
2860,fighting
2861,impressive
2862,competitor
2863,ugly
2864,worried
2865,portray
2866,powder
2867,ghost
2868,persuade
2869,moderate
2870,subsequent
2871,continued
2872,cookie
2873,carrier
2874,cooking
2875,frequent
2876,ban
2877,awful
2878,admire
2879,pet
2880,miracle
2881,exceed
2882,rhythm
2883,widespread
2884,killing
2885,lovely
2886,sin
2887,charity
2888,script
2889,tactic
2890,identification
2891,transformation
2892,everyday
2893,headline
2894,venture
2895,invasion
2896,nonetheless
2897,adequate
2898,piano
2899,grocery
2900,intensity
2901,exhibit
2902,blanket
2903,margin
2904,quarterback
2905,mouse
2906,rope
2907,concrete
2908,prescription
2909,African-American
2910,chase
2911,brick
2912,recruit
2913,patch
2914,consensus
2915,horror
2916,recording
2917,changing
2918,painter
2919,colonial
2920,pie
2921,sake
2922,gaze
2923,courage
2924,pregnancy
2925,swear
2926,defeat
2927,clue
2928,reinforce
2929,confusion
2930,slice
2931,occupation
2932,dear
2933,coal
2934,sacred
2935,formula
2936,cognitive
2937,collective
2938,exact
2939,uncle
2940,captain
2941,sigh
2942,attribute
2943,dare
2944,homeless
2945,gallery
2946,soccer
2947,defendant
2948,tunnel
2949,fitness
2950,lap
2951,grave
2952,toe
2953,container
2954,virtue
2955,abroad
2956,architect
2957,dramatically
2958,makeup
2959,inquiry
2960,rose
2961,surprisingly
2962,highlight
2963,decrease
2964,indication
2965,rail
2966,anniversary
2967,couch
2968,alliance
2969,hypothesis
2970,boyfriend
2971,compose
2972,mess
2973,legend
2974,regulate
2975,adolescent
2976,shine
2977,norm
2978,upset
2979,remark
2980,resign
2981,reward
2982,gentle
2983,related
2984,organ
2985,lightly
2986,concerning
2987,invent
2988,laughter
2989,northwest
2990,counseling
2991,receiver
2992,ritual
2993,insect
2994,interrupt
2995,salmon
2996,trading
2997,magic
2998,superior
2999,combat
3000,stem
3001,surgeon
3002,acceptable
3003,physics
3004,rape
3005,counsel
3006,jeans
3007,hunt
3008,continuous
3009,log
3010,echo
3011,pill
3012,excited
3013,sculpture
3014,compound
3015,integrate
3016,flour
3017,bitter
3018,bare
3019,slope
3020,rent
3021,presidency
3022,serving
3023,subtle
3024,greatly
3025,bishop
3026,drinking
3027,acceptance
3028,pump
3029,candy
3030,evil
3031,pleased
3032,medal
3033,beg
3034,sponsor
3035,ethical
3036,secondary
3037,slam
3038,export
3039,experimental
3040,melt
3041,midnight
3042,curve
3043,integrity
3044,entitle
3045,evident
3046,logic
3047,essence
3048,exclude
3049,harsh
3050,closet
3051,suburban
3052,greet
3053,interior
3054,corridor
3055,retail
3056,pitcher
3057,march
3058,snake
3059,excuse
3060,weakness
3061,pig
3062,classical
3063,estimated
3064,T-shirt
3065,unemployment
3066,civilization
3067,fold
3068,reverse
3069,missing
3070,correlation
3071,humanity
3072,flash
3073,developer
3074,reliable
3075,excitement
3076,beef
3077,Islam
3078,Roman
3079,architecture
3080,occasional
3081,administrative
3082,elbow
3083,deadly
3084,Hispanic
3085,allegation
3086,confuse
3087,airplane
3088,monthly
3089,duck
3090,dose
3091,Korean
3092,plead
3093,initiate
3094,lecture
3095,van
3096,sixth
3097,bay
3098,mainstream
3099,suburb
3100,sandwich
3101,trunk
3102,rumor
3103,implementation
3104,swallow
3105,motivate
3106,render
3107,longtime
3108,trap
3109,restrict
3110,cloth
3111,seemingly
3112,legislative
3113,effectiveness
3114,enforce
3115,lens
3116,inspector
3117,lend
3118,plain
3119,fraud
3120,companion
3121,contend
3122,nail
3123,array
3124,strict
3125,assemble
3126,frankly
3127,rat
3128,hay
3129,hallway
3130,cave
3131,inevitable
3132,southwest
3133,monster
3134,unexpected
3135,obstacle
3136,facilitate
3137,rip
3138,herb
3139,overwhelming
3140,integration
3141,crystal
3142,recession
3143,written
3144,motive
3145,flood
3146,pen
3147,ownership
3148,nightmare
3149,inspection
3150,supervisor
3151,consult
3152,arena
3153,diagnosis
3154,possession
3155,forgive
3156,consistently
3157,basement
3158,drift
3159,drain
3160,prosecution
3161,maximum
3162,announcement
3163,warrior
3164,prediction
3165,bacteria
3166,questionnaire
3167,mud
3168,infrastructure
3169,hurry
3170,privilege
3171,temple
3172,outdoor
3173,suck
3174,and/or
3175,broadcast
3176,re
3177,leap
3178,random
3179,wrist
3180,curtain
3181,pond
3182,domain
3183,guilt
3184,cattle
3185,walking
3186,playoff
3187,minimum
3188,fiscal
3189,skirt
3190,dump
3191,hence
3192,database
3193,uncomfortable
3194,execute
3195,limb
3196,ideology
3197,tune
3198,continuing
3199,harm
3200,railroad
3201,endure
3202,radiation
3203,horn
3204,chronic
3205,peaceful
3206,innovation
3207,strain
3208,guitar
3209,replacement
3210,behave
3211,administer
3212,simultaneously
3213,dancer
3214,amendment
3215,pad
3216,transmission
3217,await
3218,retired
3219,trigger
3220,spill
3221,grateful
3222,grace
3223,virtual
3224,colony
3225,adoption
3226,indigenous
3227,closed
3228,convict
3229,towel
3230,modify
3231,particle
3232,prize
3233,landing
3234,boost
3235,bat
3236,alarm
3237,festival
3238,grip
3239,weird
3240,undermine
3241,freshman
3242,sweat
3243,outer
3244,drunk
3245,separation
3246,traditionally
3247,govern
3248,southeast
3249,intelligent
3250,wherever
3251,ballot
3252,rhetoric
3253,convinced
3254,driving
3255,vitamin
3256,enthusiasm
3257,accommodate
3258,praise
3259,injure
3260,wilderness
3261,endless
3262,mandate
3263,respectively
3264,uncertainty
3265,chaos
3266,mechanical
3267,canvas
3268,forty
3269,lobby
3270,profound
3271,format
3272,trait
3273,currency
3274,turkey
3275,reserve
3276,beam
3277,astronomer
3278,corruption
3279,contractor
3280,apologize
3281,doctrine
3282,genuine
3283,thumb
3284,unity
3285,compromise
3286,horrible
3287,behavioral
3288,exclusive
3289,scatter
3290,commonly
3291,convey
3292,twist
3293,complexity
3294,fork
3295,disk
3296,relieve
3297,suspicion
3298,health-care
3299,residence
3300,shame
3301,meaningful
3302,sidewalk
3303,Olympics
3304,technological
3305,signature
3306,pleasant
3307,wow
3308,suspend
3309,rebel
3310,frozen
3311,spouse
3312,fluid
3313,pension
3314,resume
3315,theoretical
3316,sodium
3317,promotion
3318,delicate
3319,forehead
3320,rebuild
3321,bounce
3322,electrical
3323,hook
3324,detective
3325,traveler
3326,click
3327,compensation
3328,exit
3329,attraction
3330,dedicate
3331,altogether
3332,pickup
3333,carve
3334,needle
3335,belly
3336,scare
3337,portfolio
3338,shuttle
3339,invisible
3340,timing
3341,engagement
3342,ankle
3343,transaction
3344,rescue
3345,counterpart
3346,historically
3347,firmly
3348,mild
3349,rider
3350,doll
3351,noon
3352,amid
3353,identical
3354,precise
3355,anxious
3356,structural
3357,residential
3358,diagnose
3359,carbohydrate
3360,liberty
3361,poster
3362,theology
3363,nonprofit
3364,crawl
3365,oxygen
3366,handsome
3367,sum
3368,provided
3369,businessman
3370,promising
3371,conscious
3372,determination
3373,donor
3374,hers
3375,pastor
3376,jazz
3377,opera
3378,acquisition
3379,pit
3380,hug
3381,wildlife
3382,punish
3383,equity
3384,doorway
3385,departure
3386,elevator
3387,teenage
3388,guidance
3389,happiness
3390,statue
3391,pursuit
3392,repair
3393,decent
3394,gym
3395,oral
3396,clerk
3397,envelope
3398,reporting
3399,destination
3400,fist
3401,endorse
3402,exploration
3403,generous
3404,bath
3405,thereby
3406,indicator
3407,sunlight
3408,feedback
3409,spectrum
3410,purple
3411,laser
3412,bold
3413,reluctant
3414,starting
3415,expertise
3416,practically
3417,eating
3418,hint
3419,sharply
3420,parade
3421,realm
3422,cancel
3423,blend
3424,therapist
3425,peel
3426,pizza
3427,recipient
3428,hesitate
3429,flip
3430,accounting
3431,bias
3432,huh
3433,metaphor
3434,candle
3435,judicial
3436,entity
3437,suffering
3438,full-time
3439,lamp
3440,garbage
3441,servant
3442,regulatory
3443,diplomatic
3444,elegant
3445,reception
3446,vanish
3447,automatically
3448,chin
3449,necessity
3450,confess
3451,racism
3452,starter
3453,banking
3454,casual
3455,gravity
3456,enroll
3457,diminish
3458,prevention
3459,minimize
3460,chop
3461,performer
3462,intent
3463,isolate
3464,inventory
3465,productive
3466,assembly
3467,civic
3468,silk
3469,magnitude
3470,steep
3471,hostage
3472,collector
3473,popularity
3474,alien
3475,dynamic
3476,scary
3477,equation
3478,angel
3479,offering
3480,rage
3481,photography
3482,toilet
3483,disappointed
3484,precious
3485,prohibit
3486,realistic
3487,hidden
3488,tender
3489,gathering
3490,outstanding
3491,stumble
3492,lonely
3493,automobile
3494,artificial
3495,dawn
3496,abstract
3497,descend
3498,silly
3499,tide
3500,shared
3501,hopefully
3502,readily
3503,cooperate
3504,revolutionary
3505,romance
3506,hardware
3507,pillow
3508,kit
3509,continent
3510,seal
3511,circuit
3512,ruling
3513,shortage
3514,annually
3515,lately
3516,scan
3517,fool
3518,deadline
3519,rear
3520,processing
3521,ranch
3522,coastal
3523,undertake
3524,softly
3525,burning
3526,verbal
3527,tribal
3528,ridiculous
3529,automatic
3530,diamond
3531,credibility
3532,import
3533,sexually
3534,divine
3535,sentiment
3536,cart
3537,oversee
3538,o'clock
3539,elder
3540,pro
3541,inspiration
3542,Dutch
3543,quantity
3544,trailer
3545,mate
3546,Greek
3547,genius
3548,monument
3549,bid
3550,quest
3551,sacrifice
3552,invitation
3553,accuracy
3554,juror
3555,officially
3556,broker
3557,treasure
3558,loyalty
3559,talented
3560,gasoline
3561,stiff
3562,output
3563,nominee
3564,extended
3565,diabetes
3566,slap
3567,toxic
3568,alleged
3569,jaw
3570,grief
3571,mysterious
3572,rocket
3573,donate
3574,inmate
3575,tackle
3576,dynamics
3577,bow
3578,ours
3579,dignity
3580,carpet
3581,parental
3582,bubble
3583,buddy
3584,barn
3585,sword
3586,seventh
3587,glory
3588,tightly
3589,protective
3590,tuck
3591,drum
3592,faint
3593,queen
3594,dilemma
3595,input
3596,specialize
3597,northeast
3598,shallow
3599,liability
3600,sail
3601,merchant
3602,stadium
3603,improved
3604,bloody
3605,associated
3606,withdrawal
3607,refrigerator
3608,nest
3609,thoroughly
3610,lane
3611,ancestor
3612,condemn
3613,steam
3614,accent
3615,optimistic
3616,unite
3617,cage
3618,equip
3619,shrimp
3620,homeland
3621,rack
3622,costume
3623,wolf
3624,courtroom
3625,statute
3626,cartoon
3627,productivity
3628,grin
3629,symbolic
3630,bug
3631,bless
3632,aunt
3633,agriculture
3634,hostile
3635,conceive
3636,combined
3637,instantly
3638,bankruptcy
3639,vaccine
3640,bonus
3641,collaboration
3642,mixed
3643,opposed
3644,orbit
3645,grasp
3646,patience
3647,spite
3648,tropical
3649,voting
3650,patrol
3651,willingness
3652,revelation
3653,calm
3654,jewelry
3655,Cuban
3656,haul
3657,concede
3658,wagon
3659,afterward
3660,spectacular
3661,ruin
3662,sheer
3663,immune
3664,reliability
3665,ass
3666,alongside
3667,bush
3668,exotic
3669,fascinating
3670,clip
3671,thigh
3672,bull
3673,drawer
3674,sheep
3675,discourage
3676,coordinator
3677,ideological
3678,runner
3679,secular
3680,intimate
3681,empire
3682,cab
3683,exam
3684,documentary
3685,neutral
3686,biology
3687,flexible
3688,progressive
3689,web
3690,conspiracy
3691,casualty
3692,republic
3693,execution
3694,terrific
3695,whale
3696,functional
3697,instinct
3698,teammate
3699,aluminum
3700,whoever
3701,ministry
3702,verdict
3703,instruct
3704,skull
3705,self-esteem
3706,cooperative
3707,manipulate
3708,bee
3709,practitioner
3710,loop
3711,edit
3712,whip
3713,puzzle
3714,mushroom
3715,subsidy
3716,boil
3717,tragic
3718,mathematics
3719,mechanic
3720,jar
3721,earthquake
3722,pork
3723,creativity
3724,safely
3725,underlying
3726,dessert
3727,sympathy
3728,fisherman
3729,incredibly
3730,isolation
3731,sock
3732,eleven
3733,sexy
3734,entrepreneur
3735,syndrome
3736,bureau
3737,workplace
3738,ambition
3739,touchdown
3740,utilize
3741,breeze
3742,costly
3743,ambitious
3744,Christianity
3745,presumably
3746,influential
3747,translation
3748,uncertain
3749,dissolve
3750,statistical
3751,gut
3752,metropolitan
3753,rolling
3754,aesthetic
3755,spell
3756,insert
3757,booth
3758,helmet
3759,waist
3760,expected
3761,lion
3762,accomplishment
3763,royal
3764,panic
3765,crush
3766,actively
3767,cliff
3768,minimal
3769,cord
3770,fortunately
3771,cocaine
3772,illusion
3773,anonymous
3774,tolerate
3775,appreciation
3776,commissioner
3777,flexibility
3778,instructional
3779,scramble
3780,casino
3781,tumor
3782,decorate
3783,pulse
3784,equivalent
3785,fixed
3786,experienced
3787,donation
3788,diary
3789,sibling
3790,irony
3791,spoon
3792,midst
3793,alley
3794,interact
3795,soap
3796,cute
3797,rival
3798,short-term
3799,punch
3800,pin
3801,hockey
3802,passing
3803,persist
3804,supplier
3805,known
3806,momentum
3807,purse
3808,shed
3809,liquid
3810,icon
3811,elephant
3812,consequently
3813,legislature
3814,franchise
3815,correctly
3816,mentally
3817,foster
3818,bicycle
3819,encouraging
3820,cheat
3821,heal
3822,fever
3823,filter
3824,rabbit
3825,coin
3826,exploit
3827,accessible
3828,organism
3829,sensation
3830,partially
3831,upstairs
3832,dried
3833,conservation
3834,shove
3835,backyard
3836,charter
3837,stove
3838,consent
3839,comprise
3840,reminder
3841,alike
3842,placement
3843,dough
3844,grandchild
3845,dam
3846,reportedly
3847,well-known
3848,surrounding
3849,ecological
3850,outfit
3851,unprecedented
3852,columnist
3853,workout
3854,preliminary
3855,patent
3856,shy
3857,trash
3858,disabled
3859,gross
3860,damn
3861,hormone
3862,texture
3863,pencil
3864,frontier
3865,spray
3866,disclose
3867,custody
3868,banker
3869,beast
3870,interfere
3871,oak
3872,eighth
3873,notebook
3874,outline
3875,attendance
3876,speculation
3877,uncover
3878,behalf
3879,innovative
3880,shark
3881,mill
3882,installation
3883,stimulate
3884,tag
3885,vertical
3886,swimming
3887,fleet
3888,catalog
3889,outsider
3890,desperately
3891,stance
3892,compel
3893,sensitivity
3894,someday
3895,instant
3896,debut
3897,proclaim
3898,worldwide
3899,hike
3900,required
3901,confrontation
3902,colorful
3903,constitution
3904,trainer
3905,Thanksgiving
3906,scent
3907,stack
3908,eyebrow
3909,sack
3910,cease
3911,inherit
3912,tray
3913,pioneer
3914,organizational
3915,textbook
3916,uh
3917,nasty
3918,shrink
3919,emerging
3920,dot
3921,wheat
3922,fierce
3923,envision
3924,rational
3925,kingdom
3926,aisle
3927,weaken
3928,protocol
3929,exclusively
3930,vocal
3931,marketplace
3932,openly
3933,unfair
3934,terrain
3935,deploy
3936,risky
3937,pasta
3938,genre
3939,distract
3940,merit
3941,planner
3942,depressed
3943,chunk
3944,closest
3945,discount
3946,ladder
3947,jungle
3948,migration
3949,breathing
3950,invade
3951,hurricane
3952,retailer
3953,classify
3954,coup
3955,ambassador
3956,density
3957,supportive
3958,curiosity
3959,skip
3960,aggression
3961,stimulus
3962,journalism
3963,robot
3964,dip
3965,likewise
3966,informal
3967,Persian
3968,feather
3969,sphere
3970,tighten
3971,boast
3972,pat
3973,perceived
3974,sole
3975,publicity
3976,unfold
3977,well-being
3978,validity
3979,ecosystem
3980,strictly
3981,partial
3982,collar
3983,weed
3984,compliance
3985,streak
3986,supposedly
3987,added
3988,builder
3989,glimpse
3990,premise
3991,specialty
3992,deem
3993,artifact
3994,sneak
3995,monkey
3996,mentor
3997,two-thirds
3998,listener
3999,lightning
4000,legally
4001,sleeve
4002,disappointment
4003,disturb
4004,rib
4005,excessive
4006,high-tech
4007,debris
4008,rod
4009,logical
4010,ash
4011,socially
4012,parish
4013,slavery
4014,blank
4015,commodity
4016,cure
4017,mineral
4018,hunger
4019,dying
4020,developmental
4021,faster
4022,spare
4023,halfway
4024,equality
4025,cemetery
4026,harassment
4027,deliberately
4028,fame
4029,regret
4030,striking
4031,likelihood
4032,carrot
4033,atop
4034,toll
4035,rim
4036,embarrassed
4037,fucking
4038,cling
4039,isolated
4040,blink
4041,suspicious
4042,wheelchair
4043,squad
4044,eligible
4045,processor
4046,plunge
4047,demographic
4048,chill
4049,refuge
4050,steer
4051,legislator
4052,rally
4053,programming
4054,cheer
4055,outlet
4056,intact
4057,vendor
4058,thrive
4059,peanut
4060,chew
4061,elaborate
4062,conception
4063,auction
4064,steak
4065,comply
4066,triumph
4067,shareholder
4068,comparable
4069,transport
4070,conscience
4071,calculation
4072,considerably
4073,interval
4074,scratch
4075,awake
4076,jurisdiction
4077,inevitably
4078,feminist
4079,constraint
4080,emotionally
4081,expedition
4082,allegedly
4083,similarity
4084,butt
4085,lid
4086,dumb
4087,bulk
4088,sprinkle
4089,mortality
4090,philosophical
4091,conversion
4092,patron
4093,municipal
4094,liver
4095,harmony
4096,solely
4097,tolerance
4098,goat
4099,blessing
4100,banana
4101,palace
4102,formerly
4103,peasant
4104,neat
4105,grandparent
4106,lawmaker
4107,supermarket
4108,cruise
4109,mobile
4110,calendar
4111,widow
4112,deposit
4113,beard
4114,brake
4115,screening
4116,impulse
4117,forbid
4118,fur
4119,brutal
4120,predator
4121,poke
4122,opt
4123,voluntary
4124,valid
4125,forum
4126,dancing
4127,happily
4128,soar
4129,removal
4130,autonomy
4131,enact
4132,thread
4133,landmark
4134,unhappy
4135,offender
4136,coming
4137,privately
4138,fraction
4139,distinctive
4140,tourism
4141,threshold
4142,routinely
4143,suite
4144,regulator
4145,straw
4146,theological
4147,exhaust
4148,globe
4149,fragile
4150,objection
4151,chemistry
4152,old-fashioned
4153,crowded
4154,blast
4155,prevail
4156,overnight
4157,denial
4158,rental
4159,fantastic
4160,fragment
4161,screw
4162,warmth
4163,undergraduate
4164,headache
4165,policeman
4166,projection
4167,suitable
4168,graduation
4169,drill
4170,cruel
4171,mansion
4172,grape
4173,authorize
4174,cottage
4175,driveway
4176,charm
4177,sexuality
4178,loyal
4179,clay
4180,balloon
4181,invention
4182,ego
4183,fare
4184,homework
4185,disc
4186,sofa
4187,availability
4188,radar
4189,frown
4190,regain
4191,sweater
4192,rehabilitation
4193,rubber
4194,retreat
4195,molecule
4196,freely
4197,favorable
4198,steadily
4199,integrated
4200,ha
4201,youngster
4202,premium
4203,accountability
4204,overwhelm
4205,one-third
4206,contemplate
4207,update
4208,spark
4209,ironically
4210,fatigue
4211,speculate
4212,marker
4213,preach
4214,bucket
4215,blond
4216,confession
4217,provoke
4218,marble
4219,substantially
4220,defender
4221,explicit
4222,disturbing
4223,surveillance
4224,magnetic
4225,technician
4226,mutter
4227,devastating
4228,depart
4229,arrow
4230,trauma
4231,neighboring
4232,soak
4233,ribbon
4234,meantime
4235,transmit
4236,harvest
4237,consecutive
4238,coordinate
4239,spy
4240,slot
4241,riot
4242,nutrient
4243,citizenship
4244,severely
4245,sovereignty
4246,ridge
4247,brave
4248,lighting
4249,specify
4250,contributor
4251,frustrate
4252,articulate
4253,importantly
4254,transit
4255,dense
4256,seminar
4257,electronics
4258,sunny
4259,shorts
4260,swell
4261,accusation
4262,soften
4263,straighten
4264,terribly
4265,cue
4266,bride
4267,biography
4268,hazard
4269,compelling
4270,seldom
4271,tile
4272,economically
4273,honestly
4274,troubled
4275,twentieth
4276,balanced
4277,foreigner
4278,convenience
4279,delight
4280,weave
4281,timber
4282,till
4283,accurately
4284,plea
4285,bulb
4286,flying
4287,sustainable
4288,devil
4289,bolt
4290,cargo
4291,spine
4292,seller
4293,skilled
4294,managing
4295,marine
4296,dock
4297,organized
4298,fog
4299,diplomat
4300,boring
4301,sometime
4302,summary
4303,missionary
4304,epidemic
4305,fatal
4306,trim
4307,warehouse
4308,accelerate
4309,butterfly
4310,bronze
4311,drown
4312,inherent
4313,nationwide
4314,spit
4315,kneel
4316,vacuum
4317,selected
4318,dictate
